frame_start,frame_stop,gesture,video,score,user
44,84,G12,Knot_Tying_B001,13,B
85,184,G13,Knot_Tying_B001,13,B
185,290,G13,Knot_Tying_B001,13,B
291,368,G14,Knot_Tying_B001,13,B
369,782,G15,Knot_Tying_B001,13,B
783,1258,G12,Knot_Tying_B001,13,B
1259,1328,G13,Knot_Tying_B001,13,B
1329,1486,G14,Knot_Tying_B001,13,B
1487,1625,G15,Knot_Tying_B001,13,B
1626,1734,G11,Knot_Tying_B001,13,B
36,158,G12,Knot_Tying_B002,9,B
159,253,G13,Knot_Tying_B002,9,B
254,308,G14,Knot_Tying_B002,9,B
309,658,G15,Knot_Tying_B002,9,B
659,815,G12,Knot_Tying_B002,9,B
816,1001,G13,Knot_Tying_B002,9,B
1002,1022,G14,Knot_Tying_B002,9,B
1023,1198,G15,Knot_Tying_B002,9,B
1199,1259,G11,Knot_Tying_B002,9,B
7,131,G12,Knot_Tying_B003,11,B
132,229,G13,Knot_Tying_B003,11,B
230,312,G14,Knot_Tying_B003,11,B
313,742,G15,Knot_Tying_B003,11,B
743,842,G12,Knot_Tying_B003,11,B
843,953,G13,Knot_Tying_B003,11,B
954,1106,G14,Knot_Tying_B003,11,B
1107,1285,G15,Knot_Tying_B003,11,B
1286,1354,G11,Knot_Tying_B003,11,B
54,317,G12,Knot_Tying_B004,8,B
318,584,G13,Knot_Tying_B004,8,B
585,644,G14,Knot_Tying_B004,8,B
645,807,G15,Knot_Tying_B004,8,B
808,1267,G12,Knot_Tying_B004,8,B
1268,1450,G13,Knot_Tying_B004,8,B
1451,1538,G14,Knot_Tying_B004,8,B
1539,1636,G15,Knot_Tying_B004,8,B
1789,1819,G11,Knot_Tying_B004,8,B
36,133,G12,Knot_Tying_C001,20,C
134,159,G13,Knot_Tying_C001,20,C
160,326,G14,Knot_Tying_C001,20,C
327,608,G15,Knot_Tying_C001,20,C
609,886,G12,Knot_Tying_C001,20,C
887,933,G13,Knot_Tying_C001,20,C
934,998,G14,Knot_Tying_C001,20,C
999,1138,G15,Knot_Tying_C001,20,C
1139,1226,G11,Knot_Tying_C001,20,C
27,81,G1,Knot_Tying_C002,22,C
82,182,G12,Knot_Tying_C002,22,C
183,210,G13,Knot_Tying_C002,22,C
211,258,G14,Knot_Tying_C002,22,C
259,383,G15,Knot_Tying_C002,22,C
384,632,G12,Knot_Tying_C002,22,C
633,675,G13,Knot_Tying_C002,22,C
676,735,G14,Knot_Tying_C002,22,C
736,848,G15,Knot_Tying_C002,22,C
849,999,G11,Knot_Tying_C002,22,C
0,60,G1,Knot_Tying_C003,18,C
61,184,G12,Knot_Tying_C003,18,C
185,220,G13,Knot_Tying_C003,18,C
221,269,G14,Knot_Tying_C003,18,C
270,439,G15,Knot_Tying_C003,18,C
440,515,G14,Knot_Tying_C003,18,C
516,637,G12,Knot_Tying_C003,18,C
638,675,G13,Knot_Tying_C003,18,C
676,733,G14,Knot_Tying_C003,18,C
734,942,G15,Knot_Tying_C003,18,C
943,1044,G11,Knot_Tying_C003,18,C
39,158,G1,Knot_Tying_C004,20,C
159,264,G12,Knot_Tying_C004,20,C
265,296,G13,Knot_Tying_C004,20,C
297,349,G14,Knot_Tying_C004,20,C
350,520,G15,Knot_Tying_C004,20,C
521,610,G14,Knot_Tying_C004,20,C
611,730,G12,Knot_Tying_C004,20,C
731,870,G13,Knot_Tying_C004,20,C
871,973,G14,Knot_Tying_C004,20,C
974,1188,G15,Knot_Tying_C004,20,C
1189,1299,G11,Knot_Tying_C004,20,C
19,91,G1,Knot_Tying_C005,20,C
92,200,G12,Knot_Tying_C005,20,C
201,243,G13,Knot_Tying_C005,20,C
244,438,G14,Knot_Tying_C005,20,C
439,600,G15,Knot_Tying_C005,20,C
601,637,G14,Knot_Tying_C005,20,C
638,784,G12,Knot_Tying_C005,20,C
785,826,G13,Knot_Tying_C005,20,C
827,869,G14,Knot_Tying_C005,20,C
870,981,G15,Knot_Tying_C005,20,C
982,1036,G11,Knot_Tying_C005,20,C
40,169,G1,Knot_Tying_D001,14,D
170,236,G12,Knot_Tying_D001,14,D
237,309,G13,Knot_Tying_D001,14,D
310,623,G14,Knot_Tying_D001,14,D
624,733,G15,Knot_Tying_D001,14,D
734,830,G14,Knot_Tying_D001,14,D
831,988,G12,Knot_Tying_D001,14,D
989,1119,G13,Knot_Tying_D001,14,D
1120,1173,G14,Knot_Tying_D001,14,D
1174,1275,G15,Knot_Tying_D001,14,D
1276,1347,G11,Knot_Tying_D001,14,D
20,104,G1,Knot_Tying_D002,16,D
105,220,G12,Knot_Tying_D002,16,D
221,292,G13,Knot_Tying_D002,16,D
293,409,G14,Knot_Tying_D002,16,D
410,552,G15,Knot_Tying_D002,16,D
553,633,G14,Knot_Tying_D002,16,D
634,798,G12,Knot_Tying_D002,16,D
799,893,G13,Knot_Tying_D002,16,D
894,1006,G14,Knot_Tying_D002,16,D
1007,1150,G15,Knot_Tying_D002,16,D
1151,1226,G11,Knot_Tying_D002,16,D
24,92,G1,Knot_Tying_D003,12,D
93,210,G12,Knot_Tying_D003,12,D
211,299,G13,Knot_Tying_D003,12,D
300,358,G14,Knot_Tying_D003,12,D
359,478,G15,Knot_Tying_D003,12,D
479,550,G14,Knot_Tying_D003,12,D
551,728,G12,Knot_Tying_D003,12,D
729,1011,G13,Knot_Tying_D003,12,D
1012,1059,G14,Knot_Tying_D003,12,D
1060,1150,G15,Knot_Tying_D003,12,D
1151,1219,G11,Knot_Tying_D003,12,D
27,108,G1,Knot_Tying_D004,19,D
109,215,G12,Knot_Tying_D004,19,D
216,261,G13,Knot_Tying_D004,19,D
262,312,G14,Knot_Tying_D004,19,D
313,410,G15,Knot_Tying_D004,19,D
411,487,G14,Knot_Tying_D004,19,D
488,609,G12,Knot_Tying_D004,19,D
610,685,G13,Knot_Tying_D004,19,D
686,764,G14,Knot_Tying_D004,19,D
765,858,G15,Knot_Tying_D004,19,D
859,935,G11,Knot_Tying_D004,19,D
19,82,G1,Knot_Tying_D005,18,D
83,222,G12,Knot_Tying_D005,18,D
223,308,G13,Knot_Tying_D005,18,D
309,384,G14,Knot_Tying_D005,18,D
385,529,G15,Knot_Tying_D005,18,D
530,593,G14,Knot_Tying_D005,18,D
594,702,G12,Knot_Tying_D005,18,D
703,771,G13,Knot_Tying_D005,18,D
772,859,G14,Knot_Tying_D005,18,D
860,1032,G15,Knot_Tying_D005,18,D
1033,1116,G11,Knot_Tying_D005,18,D
138,368,G12,Knot_Tying_E001,18,E
369,519,G13,Knot_Tying_E001,18,E
520,588,G14,Knot_Tying_E001,18,E
589,731,G15,Knot_Tying_E001,18,E
732,840,G14,Knot_Tying_E001,18,E
841,954,G12,Knot_Tying_E001,18,E
955,1026,G13,Knot_Tying_E001,18,E
1027,1103,G14,Knot_Tying_E001,18,E
1104,1433,G15,Knot_Tying_E001,18,E
1434,1549,G11,Knot_Tying_E001,18,E
39,134,G1,Knot_Tying_E002,19,E
135,269,G12,Knot_Tying_E002,19,E
270,367,G13,Knot_Tying_E002,19,E
368,433,G14,Knot_Tying_E002,19,E
434,613,G15,Knot_Tying_E002,19,E
614,716,G14,Knot_Tying_E002,19,E
717,843,G12,Knot_Tying_E002,19,E
844,955,G13,Knot_Tying_E002,19,E
956,1009,G14,Knot_Tying_E002,19,E
1010,1156,G15,Knot_Tying_E002,19,E
1157,1256,G11,Knot_Tying_E002,19,E
162,241,G1,Knot_Tying_E003,22,E
242,398,G12,Knot_Tying_E003,22,E
399,502,G13,Knot_Tying_E003,22,E
503,570,G14,Knot_Tying_E003,22,E
571,750,G15,Knot_Tying_E003,22,E
751,882,G14,Knot_Tying_E003,22,E
883,974,G12,Knot_Tying_E003,22,E
975,1053,G13,Knot_Tying_E003,22,E
1054,1100,G14,Knot_Tying_E003,22,E
1101,1248,G15,Knot_Tying_E003,22,E
1249,1359,G11,Knot_Tying_E003,22,E
59,122,G1,Knot_Tying_E004,18,E
123,264,G12,Knot_Tying_E004,18,E
265,360,G13,Knot_Tying_E004,18,E
361,428,G14,Knot_Tying_E004,18,E
429,639,G15,Knot_Tying_E004,18,E
640,784,G14,Knot_Tying_E004,18,E
785,932,G12,Knot_Tying_E004,18,E
933,1017,G13,Knot_Tying_E004,18,E
1018,1092,G14,Knot_Tying_E004,18,E
1093,1264,G15,Knot_Tying_E004,18,E
1265,1362,G11,Knot_Tying_E004,18,E
42,130,G1,Knot_Tying_E005,21,E
131,287,G12,Knot_Tying_E005,21,E
288,356,G13,Knot_Tying_E005,21,E
357,440,G14,Knot_Tying_E005,21,E
441,601,G15,Knot_Tying_E005,21,E
602,672,G14,Knot_Tying_E005,21,E
673,778,G12,Knot_Tying_E005,21,E
779,837,G13,Knot_Tying_E005,21,E
838,895,G14,Knot_Tying_E005,21,E
896,1084,G15,Knot_Tying_E005,21,E
1085,1169,G11,Knot_Tying_E005,21,E
0,33,G12,Knot_Tying_F001,16,F
34,85,G13,Knot_Tying_F001,16,F
86,132,G14,Knot_Tying_F001,16,F
133,353,G15,Knot_Tying_F001,16,F
354,414,G14,Knot_Tying_F001,16,F
415,476,G12,Knot_Tying_F001,16,F
477,590,G13,Knot_Tying_F001,16,F
591,708,G14,Knot_Tying_F001,16,F
709,840,G15,Knot_Tying_F001,16,F
841,895,G11,Knot_Tying_F001,16,F
0,51,G12,Knot_Tying_F002,20,F
52,128,G13,Knot_Tying_F002,20,F
129,237,G14,Knot_Tying_F002,20,F
238,399,G15,Knot_Tying_F002,20,F
400,461,G14,Knot_Tying_F002,20,F
462,539,G12,Knot_Tying_F002,20,F
540,596,G13,Knot_Tying_F002,20,F
597,650,G14,Knot_Tying_F002,20,F
651,918,G15,Knot_Tying_F002,20,F
919,983,G11,Knot_Tying_F002,20,F
88,350,G12,Knot_Tying_F003,10,F
351,439,G13,Knot_Tying_F003,10,F
440,1188,G14,Knot_Tying_F003,10,F
1189,1341,G15,Knot_Tying_F003,10,F
1342,1703,G12,Knot_Tying_F003,10,F
1704,1798,G13,Knot_Tying_F003,10,F
1799,2234,G14,Knot_Tying_F003,10,F
2235,2503,G15,Knot_Tying_F003,10,F
2504,2599,G11,Knot_Tying_F003,10,F
0,41,G12,Knot_Tying_F004,10,F
42,112,G13,Knot_Tying_F004,10,F
113,399,G14,Knot_Tying_F004,10,F
400,601,G15,Knot_Tying_F004,10,F
602,681,G14,Knot_Tying_F004,10,F
682,890,G12,Knot_Tying_F004,10,F
891,1131,G13,Knot_Tying_F004,10,F
1132,1290,G14,Knot_Tying_F004,10,F
1291,1729,G15,Knot_Tying_F004,10,F
1730,1791,G11,Knot_Tying_F004,10,F
12,184,G1,Knot_Tying_F005,15,F
185,253,G12,Knot_Tying_F005,15,F
254,313,G13,Knot_Tying_F005,15,F
314,391,G14,Knot_Tying_F005,15,F
392,615,G15,Knot_Tying_F005,15,F
616,785,G14,Knot_Tying_F005,15,F
786,868,G12,Knot_Tying_F005,15,F
869,919,G13,Knot_Tying_F005,15,F
920,977,G14,Knot_Tying_F005,15,F
978,1246,G15,Knot_Tying_F005,15,F
1247,1299,G11,Knot_Tying_F005,15,F
181,244,G15,Knot_Tying_G001,9,G
245,522,G12,Knot_Tying_G001,9,G
523,607,G13,Knot_Tying_G001,9,G
608,653,G14,Knot_Tying_G001,9,G
654,1301,G15,Knot_Tying_G001,9,G
1302,1418,G12,Knot_Tying_G001,9,G
1419,1519,G13,Knot_Tying_G001,9,G
1520,1566,G14,Knot_Tying_G001,9,G
1567,2217,G15,Knot_Tying_G001,9,G
2218,2309,G11,Knot_Tying_G001,9,G
0,258,G12,Knot_Tying_G002,11,G
259,326,G13,Knot_Tying_G002,11,G
327,661,G14,Knot_Tying_G002,11,G
662,1040,G12,Knot_Tying_G002,11,G
1041,1108,G13,Knot_Tying_G002,11,G
1109,1218,G14,Knot_Tying_G002,11,G
1219,2102,G15,Knot_Tying_G002,11,G
2103,2196,G11,Knot_Tying_G002,11,G
174,467,G12,Knot_Tying_G003,10,G
468,537,G13,Knot_Tying_G003,10,G
538,611,G14,Knot_Tying_G003,10,G
612,1137,G15,Knot_Tying_G003,10,G
1138,1688,G12,Knot_Tying_G003,10,G
1689,1750,G13,Knot_Tying_G003,10,G
1751,1914,G14,Knot_Tying_G003,10,G
1915,2274,G15,Knot_Tying_G003,10,G
2275,2360,G11,Knot_Tying_G003,10,G
79,358,G12,Knot_Tying_G004,6,G
359,438,G13,Knot_Tying_G004,6,G
439,1282,G14,Knot_Tying_G004,6,G
1283,1528,G12,Knot_Tying_G004,6,G
1529,1604,G13,Knot_Tying_G004,6,G
1605,1682,G14,Knot_Tying_G004,6,G
1683,2304,G15,Knot_Tying_G004,6,G
2305,2425,G12,Knot_Tying_G004,6,G
2426,2510,G13,Knot_Tying_G004,6,G
2511,2618,G14,Knot_Tying_G004,6,G
2619,3257,G15,Knot_Tying_G004,6,G
3258,3341,G12,Knot_Tying_G004,6,G
3342,3421,G13,Knot_Tying_G004,6,G
3422,3470,G14,Knot_Tying_G004,6,G
3471,3753,G15,Knot_Tying_G004,6,G
3754,3852,G11,Knot_Tying_G004,6,G
22,256,G12,Knot_Tying_G005,11,G
257,324,G13,Knot_Tying_G005,11,G
325,371,G14,Knot_Tying_G005,11,G
372,566,G15,Knot_Tying_G005,11,G
567,1017,G12,Knot_Tying_G005,11,G
1018,1080,G13,Knot_Tying_G005,11,G
1081,1174,G14,Knot_Tying_G005,11,G
1175,1558,G15,Knot_Tying_G005,11,G
1559,1635,G11,Knot_Tying_G005,11,G
79,218,G1,Suturing_B001,13,B
219,369,G5,Suturing_B001,13,B
370,589,G8,Suturing_B001,13,B
590,659,G2,Suturing_B001,13,B
660,953,G3,Suturing_B001,13,B
954,1096,G8,Suturing_B001,13,B
1097,1123,G2,Suturing_B001,13,B
1124,1400,G3,Suturing_B001,13,B
1401,1438,G2,Suturing_B001,13,B
1439,1697,G8,Suturing_B001,13,B
1698,1782,G2,Suturing_B001,13,B
1783,2284,G3,Suturing_B001,13,B
2285,2494,G6,Suturing_B001,13,B
2495,2678,G4,Suturing_B001,13,B
2679,2749,G2,Suturing_B001,13,B
2750,2975,G3,Suturing_B001,13,B
2976,3154,G6,Suturing_B001,13,B
3155,3307,G4,Suturing_B001,13,B
3308,3658,G2,Suturing_B001,13,B
3659,4010,G3,Suturing_B001,13,B
4011,4320,G8,Suturing_B001,13,B
4321,4373,G2,Suturing_B001,13,B
4374,4703,G3,Suturing_B001,13,B
4704,4845,G6,Suturing_B001,13,B
4846,4982,G4,Suturing_B001,13,B
4983,5058,G2,Suturing_B001,13,B
5059,5353,G3,Suturing_B001,13,B
5354,5446,G6,Suturing_B001,13,B
5447,5634,G11,Suturing_B001,13,B
4,77,G1,Suturing_B002,17,B
78,202,G5,Suturing_B002,17,B
203,549,G8,Suturing_B002,17,B
550,612,G2,Suturing_B002,17,B
613,861,G3,Suturing_B002,17,B
862,1114,G6,Suturing_B002,17,B
1115,1271,G4,Suturing_B002,17,B
1272,1401,G2,Suturing_B002,17,B
1402,1728,G3,Suturing_B002,17,B
1729,1889,G6,Suturing_B002,17,B
1890,2010,G4,Suturing_B002,17,B
2011,2093,G2,Suturing_B002,17,B
2094,2480,G3,Suturing_B002,17,B
2481,2771,G6,Suturing_B002,17,B
2772,2876,G4,Suturing_B002,17,B
2877,2935,G2,Suturing_B002,17,B
2936,3126,G3,Suturing_B002,17,B
3127,3288,G6,Suturing_B002,17,B
3289,3423,G11,Suturing_B002,17,B
7,102,G1,Suturing_B003,14,B
103,179,G5,Suturing_B003,14,B
180,220,G2,Suturing_B003,14,B
221,521,G3,Suturing_B003,14,B
522,700,G6,Suturing_B003,14,B
701,918,G4,Suturing_B003,14,B
919,981,G2,Suturing_B003,14,B
982,1204,G3,Suturing_B003,14,B
1205,1393,G6,Suturing_B003,14,B
1394,1525,G4,Suturing_B003,14,B
1526,1594,G2,Suturing_B003,14,B
1595,1928,G3,Suturing_B003,14,B
1929,2194,G6,Suturing_B003,14,B
2195,2369,G4,Suturing_B003,14,B
2370,2435,G2,Suturing_B003,14,B
2436,2682,G3,Suturing_B003,14,B
2683,3115,G6,Suturing_B003,14,B
3116,3273,G11,Suturing_B003,14,B
0,45,G1,Suturing_B004,10,B
46,102,G5,Suturing_B004,10,B
103,127,G2,Suturing_B004,10,B
128,695,G3,Suturing_B004,10,B
696,875,G6,Suturing_B004,10,B
876,1014,G4,Suturing_B004,10,B
1015,1416,G2,Suturing_B004,10,B
1417,1602,G6,Suturing_B004,10,B
1603,1721,G4,Suturing_B004,10,B
1722,1798,G2,Suturing_B004,10,B
1799,2185,G3,Suturing_B004,10,B
2186,2325,G6,Suturing_B004,10,B
2326,2428,G4,Suturing_B004,10,B
2429,2563,G8,Suturing_B004,10,B
2564,2859,G2,Suturing_B004,10,B
2860,3068,G6,Suturing_B004,10,B
3069,3256,G11,Suturing_B004,10,B
0,10,G1,Suturing_B005,12,B
11,100,G5,Suturing_B005,12,B
101,445,G8,Suturing_B005,12,B
446,515,G2,Suturing_B005,12,B
516,966,G3,Suturing_B005,12,B
967,1114,G6,Suturing_B005,12,B
1115,1185,G4,Suturing_B005,12,B
1186,1260,G2,Suturing_B005,12,B
1261,1488,G3,Suturing_B005,12,B
1489,1666,G6,Suturing_B005,12,B
1667,1778,G4,Suturing_B005,12,B
1779,1844,G2,Suturing_B005,12,B
1845,2088,G3,Suturing_B005,12,B
2089,2233,G6,Suturing_B005,12,B
2234,2328,G4,Suturing_B005,12,B
2329,2371,G2,Suturing_B005,12,B
2372,2587,G3,Suturing_B005,12,B
2588,2692,G6,Suturing_B005,12,B
2693,2847,G11,Suturing_B005,12,B
25,66,G1,Suturing_C001,26,C
67,190,G5,Suturing_C001,26,C
191,304,G8,Suturing_C001,26,C
305,412,G2,Suturing_C001,26,C
413,780,G3,Suturing_C001,26,C
781,853,G6,Suturing_C001,26,C
854,1038,G4,Suturing_C001,26,C
1039,1190,G8,Suturing_C001,26,C
1191,1353,G2,Suturing_C001,26,C
1354,1580,G3,Suturing_C001,26,C
1581,1792,G6,Suturing_C001,26,C
1793,1914,G4,Suturing_C001,26,C
1915,2015,G2,Suturing_C001,26,C
2016,2252,G3,Suturing_C001,26,C
2253,2409,G6,Suturing_C001,26,C
2410,2528,G4,Suturing_C001,26,C
2529,2622,G2,Suturing_C001,26,C
2623,2781,G3,Suturing_C001,26,C
2782,2986,G6,Suturing_C001,26,C
2987,3179,G11,Suturing_C001,26,C
0,100,G5,Suturing_C002,20,C
101,327,G8,Suturing_C002,20,C
328,460,G2,Suturing_C002,20,C
461,784,G3,Suturing_C002,20,C
785,900,G6,Suturing_C002,20,C
901,1028,G4,Suturing_C002,20,C
1029,1206,G8,Suturing_C002,20,C
1207,1320,G2,Suturing_C002,20,C
1321,1504,G3,Suturing_C002,20,C
1505,1684,G6,Suturing_C002,20,C
1685,1858,G2,Suturing_C002,20,C
1859,2085,G3,Suturing_C002,20,C
2086,2162,G6,Suturing_C002,20,C
2163,2333,G4,Suturing_C002,20,C
2334,2411,G2,Suturing_C002,20,C
2412,2832,G3,Suturing_C002,20,C
2833,3004,G6,Suturing_C002,20,C
3005,3266,G11,Suturing_C002,20,C
12,48,G1,Suturing_C003,26,C
49,149,G5,Suturing_C003,26,C
150,364,G8,Suturing_C003,26,C
365,473,G2,Suturing_C003,26,C
474,712,G3,Suturing_C003,26,C
713,828,G6,Suturing_C003,26,C
829,955,G4,Suturing_C003,26,C
956,1159,G2,Suturing_C003,26,C
1160,1323,G3,Suturing_C003,26,C
1324,1487,G6,Suturing_C003,26,C
1488,1606,G4,Suturing_C003,26,C
1607,1706,G2,Suturing_C003,26,C
1707,1927,G3,Suturing_C003,26,C
1928,2056,G6,Suturing_C003,26,C
2057,2211,G4,Suturing_C003,26,C
2212,2258,G2,Suturing_C003,26,C
2259,2503,G3,Suturing_C003,26,C
2504,2817,G6,Suturing_C003,26,C
2818,3059,G11,Suturing_C003,26,C
1,29,G1,Suturing_C004,30,C
30,140,G5,Suturing_C004,30,C
141,256,G8,Suturing_C004,30,C
257,312,G2,Suturing_C004,30,C
313,457,G3,Suturing_C004,30,C
458,582,G6,Suturing_C004,30,C
583,709,G4,Suturing_C004,30,C
710,842,G2,Suturing_C004,30,C
843,1072,G3,Suturing_C004,30,C
1073,1198,G6,Suturing_C004,30,C
1199,1321,G4,Suturing_C004,30,C
1322,1410,G2,Suturing_C004,30,C
1411,1601,G3,Suturing_C004,30,C
1602,1701,G6,Suturing_C004,30,C
1702,1774,G4,Suturing_C004,30,C
1775,1875,G2,Suturing_C004,30,C
1876,2049,G3,Suturing_C004,30,C
2050,2249,G6,Suturing_C004,30,C
2250,2449,G11,Suturing_C004,30,C
23,55,G1,Suturing_C005,17,C
56,138,G5,Suturing_C005,17,C
139,213,G8,Suturing_C005,17,C
214,298,G2,Suturing_C005,17,C
299,390,G3,Suturing_C005,17,C
391,491,G6,Suturing_C005,17,C
492,569,G4,Suturing_C005,17,C
570,675,G2,Suturing_C005,17,C
676,857,G3,Suturing_C005,17,C
858,1055,G6,Suturing_C005,17,C
1056,1159,G4,Suturing_C005,17,C
1160,1281,G8,Suturing_C005,17,C
1282,1359,G2,Suturing_C005,17,C
1360,1490,G3,Suturing_C005,17,C
1491,1587,G6,Suturing_C005,17,C
1588,1680,G4,Suturing_C005,17,C
1681,1749,G2,Suturing_C005,17,C
1750,2187,G3,Suturing_C005,17,C
2188,2270,G6,Suturing_C005,17,C
2271,2549,G11,Suturing_C005,17,C
117,144,G1,Suturing_D001,14,D
145,195,G5,Suturing_D001,14,D
196,349,G8,Suturing_D001,14,D
350,424,G2,Suturing_D001,14,D
425,540,G3,Suturing_D001,14,D
541,634,G6,Suturing_D001,14,D
635,852,G9,Suturing_D001,14,D
853,1051,G4,Suturing_D001,14,D
1052,1148,G2,Suturing_D001,14,D
1149,1560,G3,Suturing_D001,14,D
1561,1615,G6,Suturing_D001,14,D
1616,1699,G9,Suturing_D001,14,D
1700,1771,G4,Suturing_D001,14,D
1772,1881,G2,Suturing_D001,14,D
1882,2065,G3,Suturing_D001,14,D
2066,2113,G6,Suturing_D001,14,D
2114,2163,G9,Suturing_D001,14,D
2164,2242,G4,Suturing_D001,14,D
2243,2312,G2,Suturing_D001,14,D
2313,2582,G3,Suturing_D001,14,D
2583,2690,G6,Suturing_D001,14,D
2691,2769,G11,Suturing_D001,14,D
30,76,G1,Suturing_D002,18,D
77,128,G5,Suturing_D002,18,D
129,181,G2,Suturing_D002,18,D
182,341,G3,Suturing_D002,18,D
342,426,G6,Suturing_D002,18,D
427,521,G9,Suturing_D002,18,D
522,629,G4,Suturing_D002,18,D
630,720,G2,Suturing_D002,18,D
721,896,G3,Suturing_D002,18,D
897,939,G6,Suturing_D002,18,D
940,1000,G9,Suturing_D002,18,D
1001,1084,G4,Suturing_D002,18,D
1085,1171,G2,Suturing_D002,18,D
1172,1316,G3,Suturing_D002,18,D
1317,1381,G6,Suturing_D002,18,D
1382,1488,G9,Suturing_D002,18,D
1489,1562,G4,Suturing_D002,18,D
1563,1612,G2,Suturing_D002,18,D
1613,1841,G3,Suturing_D002,18,D
1842,1892,G6,Suturing_D002,18,D
1893,1911,G9,Suturing_D002,18,D
1912,2031,G11,Suturing_D002,18,D
13,90,G1,Suturing_D003,14,D
91,150,G5,Suturing_D003,14,D
151,216,G8,Suturing_D003,14,D
217,253,G2,Suturing_D003,14,D
254,416,G3,Suturing_D003,14,D
417,483,G6,Suturing_D003,14,D
484,588,G9,Suturing_D003,14,D
589,741,G4,Suturing_D003,14,D
742,796,G2,Suturing_D003,14,D
797,965,G3,Suturing_D003,14,D
966,1011,G6,Suturing_D003,14,D
1012,1239,G9,Suturing_D003,14,D
1240,1264,G2,Suturing_D003,14,D
1265,1338,G4,Suturing_D003,14,D
1339,1419,G2,Suturing_D003,14,D
1420,1585,G3,Suturing_D003,14,D
1586,1634,G6,Suturing_D003,14,D
1635,1688,G9,Suturing_D003,14,D
1689,1758,G4,Suturing_D003,14,D
1759,1804,G2,Suturing_D003,14,D
1805,2134,G3,Suturing_D003,14,D
2135,2183,G6,Suturing_D003,14,D
2184,2225,G9,Suturing_D003,14,D
2226,2316,G11,Suturing_D003,14,D
40,97,G1,Suturing_D004,8,D
98,189,G4,Suturing_D004,8,D
190,274,G8,Suturing_D004,8,D
275,325,G2,Suturing_D004,8,D
326,476,G3,Suturing_D004,8,D
477,540,G6,Suturing_D004,8,D
541,654,G9,Suturing_D004,8,D
655,735,G4,Suturing_D004,8,D
736,779,G2,Suturing_D004,8,D
780,909,G3,Suturing_D004,8,D
910,1019,G6,Suturing_D004,8,D
1020,1152,G9,Suturing_D004,8,D
1153,1352,G6,Suturing_D004,8,D
1353,1407,G2,Suturing_D004,8,D
1408,1591,G3,Suturing_D004,8,D
1592,1728,G6,Suturing_D004,8,D
1729,2038,G9,Suturing_D004,8,D
2039,2153,G4,Suturing_D004,8,D
2154,2253,G2,Suturing_D004,8,D
2254,2450,G3,Suturing_D004,8,D
2451,2508,G6,Suturing_D004,8,D
2509,2554,G9,Suturing_D004,8,D
2555,2681,G11,Suturing_D004,8,D
20,56,G1,Suturing_D005,15,D
57,133,G5,Suturing_D005,15,D
134,220,G8,Suturing_D005,15,D
221,293,G2,Suturing_D005,15,D
294,401,G3,Suturing_D005,15,D
402,465,G6,Suturing_D005,15,D
466,527,G9,Suturing_D005,15,D
528,620,G4,Suturing_D005,15,D
621,688,G2,Suturing_D005,15,D
689,819,G3,Suturing_D005,15,D
820,874,G6,Suturing_D005,15,D
875,929,G9,Suturing_D005,15,D
930,1010,G4,Suturing_D005,15,D
1011,1114,G2,Suturing_D005,15,D
1115,1248,G3,Suturing_D005,15,D
1249,1335,G6,Suturing_D005,15,D
1336,1372,G9,Suturing_D005,15,D
1373,1432,G4,Suturing_D005,15,D
1433,1495,G2,Suturing_D005,15,D
1496,1624,G3,Suturing_D005,15,D
1625,1677,G6,Suturing_D005,15,D
1678,1713,G9,Suturing_D005,15,D
1714,1778,G11,Suturing_D005,15,D
9,118,G1,Suturing_E001,17,E
119,244,G5,Suturing_E001,17,E
245,340,G2,Suturing_E001,17,E
341,751,G3,Suturing_E001,17,E
752,901,G6,Suturing_E001,17,E
902,1075,G4,Suturing_E001,17,E
1076,1145,G2,Suturing_E001,17,E
1146,1461,G3,Suturing_E001,17,E
1462,1636,G6,Suturing_E001,17,E
1637,1762,G4,Suturing_E001,17,E
1763,1842,G2,Suturing_E001,17,E
1843,2035,G3,Suturing_E001,17,E
2036,2346,G6,Suturing_E001,17,E
2347,2572,G4,Suturing_E001,17,E
2573,2641,G2,Suturing_E001,17,E
2642,2919,G3,Suturing_E001,17,E
2920,3075,G6,Suturing_E001,17,E
3076,3592,G11,Suturing_E001,17,E
22,76,G1,Suturing_E002,20,E
77,157,G5,Suturing_E002,20,E
158,235,G2,Suturing_E002,20,E
236,630,G3,Suturing_E002,20,E
631,806,G6,Suturing_E002,20,E
807,983,G4,Suturing_E002,20,E
984,1050,G2,Suturing_E002,20,E
1051,1256,G3,Suturing_E002,20,E
1257,1406,G6,Suturing_E002,20,E
1407,1512,G4,Suturing_E002,20,E
1513,1568,G2,Suturing_E002,20,E
1569,1769,G3,Suturing_E002,20,E
1770,1910,G6,Suturing_E002,20,E
1911,2033,G4,Suturing_E002,20,E
2034,2092,G2,Suturing_E002,20,E
2093,2361,G3,Suturing_E002,20,E
2362,2470,G6,Suturing_E002,20,E
2471,2947,G11,Suturing_E002,20,E
59,141,G1,Suturing_E003,19,E
142,194,G5,Suturing_E003,19,E
195,252,G2,Suturing_E003,19,E
253,448,G3,Suturing_E003,19,E
449,578,G6,Suturing_E003,19,E
579,688,G4,Suturing_E003,19,E
689,743,G2,Suturing_E003,19,E
744,967,G3,Suturing_E003,19,E
968,1093,G6,Suturing_E003,19,E
1094,1266,G8,Suturing_E003,19,E
1267,1331,G2,Suturing_E003,19,E
1332,1506,G3,Suturing_E003,19,E
1507,1661,G6,Suturing_E003,19,E
1662,1776,G4,Suturing_E003,19,E
1777,1849,G2,Suturing_E003,19,E
1850,2054,G3,Suturing_E003,19,E
2055,2129,G6,Suturing_E003,19,E
2130,2574,G11,Suturing_E003,19,E
56,129,G1,Suturing_E004,19,E
130,169,G5,Suturing_E004,19,E
170,236,G2,Suturing_E004,19,E
237,536,G3,Suturing_E004,19,E
537,694,G6,Suturing_E004,19,E
695,803,G4,Suturing_E004,19,E
804,866,G2,Suturing_E004,19,E
867,1120,G3,Suturing_E004,19,E
1121,1260,G6,Suturing_E004,19,E
1261,1434,G4,Suturing_E004,19,E
1435,1483,G2,Suturing_E004,19,E
1484,1667,G3,Suturing_E004,19,E
1668,1808,G6,Suturing_E004,19,E
1809,1901,G9,Suturing_E004,19,E
1902,1975,G6,Suturing_E004,19,E
1976,2140,G4,Suturing_E004,19,E
2141,2187,G2,Suturing_E004,19,E
2188,2414,G3,Suturing_E004,19,E
2415,2526,G6,Suturing_E004,19,E
2527,2925,G11,Suturing_E004,19,E
0,48,G1,Suturing_E005,19,E
49,90,G5,Suturing_E005,19,E
91,140,G2,Suturing_E005,19,E
141,362,G3,Suturing_E005,19,E
363,506,G6,Suturing_E005,19,E
507,643,G4,Suturing_E005,19,E
644,738,G2,Suturing_E005,19,E
739,896,G3,Suturing_E005,19,E
897,1053,G6,Suturing_E005,19,E
1054,1169,G4,Suturing_E005,19,E
1170,1215,G2,Suturing_E005,19,E
1216,1416,G3,Suturing_E005,19,E
1417,1551,G6,Suturing_E005,19,E
1552,1639,G4,Suturing_E005,19,E
1640,1696,G2,Suturing_E005,19,E
1697,1876,G3,Suturing_E005,19,E
1877,2005,G6,Suturing_E005,19,E
2006,2482,G11,Suturing_E005,19,E
34,84,G1,Suturing_F001,24,F
85,163,G5,Suturing_F001,24,F
164,214,G8,Suturing_F001,24,F
215,293,G2,Suturing_F001,24,F
294,531,G3,Suturing_F001,24,F
532,752,G6,Suturing_F001,24,F
753,853,G4,Suturing_F001,24,F
854,933,G2,Suturing_F001,24,F
934,1144,G3,Suturing_F001,24,F
1145,1253,G6,Suturing_F001,24,F
1254,1368,G4,Suturing_F001,24,F
1369,1474,G2,Suturing_F001,24,F
1475,1700,G3,Suturing_F001,24,F
1701,1800,G6,Suturing_F001,24,F
1801,1994,G4,Suturing_F001,24,F
1995,2198,G2,Suturing_F001,24,F
2199,2497,G3,Suturing_F001,24,F
2498,2837,G11,Suturing_F001,24,F
0,87,G8,Suturing_F002,26,F
88,146,G2,Suturing_F002,26,F
147,426,G3,Suturing_F002,26,F
427,607,G6,Suturing_F002,26,F
608,685,G4,Suturing_F002,26,F
686,766,G2,Suturing_F002,26,F
767,1039,G3,Suturing_F002,26,F
1040,1127,G6,Suturing_F002,26,F
1128,1249,G4,Suturing_F002,26,F
1250,1335,G2,Suturing_F002,26,F
1336,1521,G3,Suturing_F002,26,F
1522,1597,G6,Suturing_F002,26,F
1598,1680,G4,Suturing_F002,26,F
1681,1775,G2,Suturing_F002,26,F
1776,2046,G3,Suturing_F002,26,F
2047,2102,G6,Suturing_F002,26,F
2103,2374,G11,Suturing_F002,26,F
0,87,G5,Suturing_F003,29,F
88,168,G8,Suturing_F003,29,F
169,220,G2,Suturing_F003,29,F
221,401,G3,Suturing_F003,29,F
402,488,G6,Suturing_F003,29,F
489,588,G4,Suturing_F003,29,F
589,644,G2,Suturing_F003,29,F
645,876,G3,Suturing_F003,29,F
877,951,G6,Suturing_F003,29,F
952,1113,G4,Suturing_F003,29,F
1114,1204,G2,Suturing_F003,29,F
1205,1396,G3,Suturing_F003,29,F
1397,1483,G6,Suturing_F003,29,F
1484,1564,G4,Suturing_F003,29,F
1565,1678,G2,Suturing_F003,29,F
1679,1839,G3,Suturing_F003,29,F
1840,1911,G6,Suturing_F003,29,F
1912,2234,G11,Suturing_F003,29,F
0,52,G5,Suturing_F004,24,F
53,133,G8,Suturing_F004,24,F
134,216,G2,Suturing_F004,24,F
217,415,G3,Suturing_F004,24,F
416,491,G6,Suturing_F004,24,F
492,588,G4,Suturing_F004,24,F
589,667,G2,Suturing_F004,24,F
668,855,G3,Suturing_F004,24,F
856,927,G6,Suturing_F004,24,F
928,1175,G4,Suturing_F004,24,F
1176,1257,G2,Suturing_F004,24,F
1258,1587,G3,Suturing_F004,24,F
1588,1672,G6,Suturing_F004,24,F
1673,1761,G4,Suturing_F004,24,F
1762,1872,G2,Suturing_F004,24,F
1873,2060,G3,Suturing_F004,24,F
2061,2144,G6,Suturing_F004,24,F
2145,2372,G11,Suturing_F004,24,F
10,66,G1,Suturing_F005,29,F
67,132,G5,Suturing_F005,29,F
133,202,G8,Suturing_F005,29,F
203,248,G2,Suturing_F005,29,F
249,435,G3,Suturing_F005,29,F
436,518,G6,Suturing_F005,29,F
519,600,G4,Suturing_F005,29,F
601,658,G2,Suturing_F005,29,F
659,812,G3,Suturing_F005,29,F
813,864,G6,Suturing_F005,29,F
865,961,G4,Suturing_F005,29,F
962,1049,G2,Suturing_F005,29,F
1050,1220,G3,Suturing_F005,29,F
1221,1288,G6,Suturing_F005,29,F
1289,1375,G4,Suturing_F005,29,F
1376,1469,G2,Suturing_F005,29,F
1470,1674,G3,Suturing_F005,29,F
1675,1733,G6,Suturing_F005,29,F
1734,2038,G11,Suturing_F005,29,F
0,148,G5,Suturing_G001,13,G
149,365,G8,Suturing_G001,13,G
366,497,G2,Suturing_G001,13,G
498,771,G3,Suturing_G001,13,G
772,937,G6,Suturing_G001,13,G
938,1130,G4,Suturing_G001,13,G
1131,1224,G5,Suturing_G001,13,G
1225,1352,G6,Suturing_G001,13,G
1353,1476,G2,Suturing_G001,13,G
1477,2417,G3,Suturing_G001,13,G
2418,2619,G8,Suturing_G001,13,G
2620,2669,G2,Suturing_G001,13,G
2670,2853,G3,Suturing_G001,13,G
2854,2989,G8,Suturing_G001,13,G
2990,3110,G3,Suturing_G001,13,G
3111,3508,G8,Suturing_G001,13,G
3509,3563,G2,Suturing_G001,13,G
3564,3645,G3,Suturing_G001,13,G
3646,4095,G8,Suturing_G001,13,G
4096,4275,G3,Suturing_G001,13,G
4276,4424,G6,Suturing_G001,13,G
4425,4555,G4,Suturing_G001,13,G
4556,4715,G9,Suturing_G001,13,G
4716,4834,G2,Suturing_G001,13,G
4835,5002,G3,Suturing_G001,13,G
5003,5631,G8,Suturing_G001,13,G
5632,5845,G3,Suturing_G001,13,G
5846,6252,G6,Suturing_G001,13,G
6253,6405,G4,Suturing_G001,13,G
6406,6519,G2,Suturing_G001,13,G
6520,7626,G3,Suturing_G001,13,G
7627,7654,G6,Suturing_G001,13,G
7655,8180,G8,Suturing_G001,13,G
8181,8279,G2,Suturing_G001,13,G
8280,8674,G3,Suturing_G001,13,G
8675,8832,G6,Suturing_G001,13,G
8833,9011,G11,Suturing_G001,13,G
0,93,G5,Suturing_G002,18,G
94,187,G8,Suturing_G002,18,G
188,238,G2,Suturing_G002,18,G
239,478,G3,Suturing_G002,18,G
479,696,G6,Suturing_G002,18,G
697,815,G4,Suturing_G002,18,G
816,904,G2,Suturing_G002,18,G
905,1286,G3,Suturing_G002,18,G
1287,1463,G6,Suturing_G002,18,G
1464,1581,G4,Suturing_G002,18,G
1582,1626,G2,Suturing_G002,18,G
1627,1888,G3,Suturing_G002,18,G
1889,2028,G6,Suturing_G002,18,G
2029,2184,G4,Suturing_G002,18,G
2185,2231,G2,Suturing_G002,18,G
2232,2461,G3,Suturing_G002,18,G
2462,2669,G8,Suturing_G002,18,G
2670,3009,G3,Suturing_G002,18,G
3010,3158,G6,Suturing_G002,18,G
3159,3378,G11,Suturing_G002,18,G
0,405,G8,Suturing_G003,13,G
406,482,G2,Suturing_G003,13,G
483,688,G3,Suturing_G003,13,G
689,936,G6,Suturing_G003,13,G
937,1071,G4,Suturing_G003,13,G
1072,1108,G2,Suturing_G003,13,G
1109,1228,G3,Suturing_G003,13,G
1229,1507,G6,Suturing_G003,13,G
1508,1639,G4,Suturing_G003,13,G
1640,1724,G2,Suturing_G003,13,G
1725,1991,G3,Suturing_G003,13,G
1992,2173,G8,Suturing_G003,13,G
2174,2228,G2,Suturing_G003,13,G
2229,2704,G3,Suturing_G003,13,G
2705,2829,G6,Suturing_G003,13,G
2830,3052,G4,Suturing_G003,13,G
3053,3789,G10,Suturing_G003,13,G
3790,3836,G2,Suturing_G003,13,G
3837,4420,G8,Suturing_G003,13,G
4421,4533,G2,Suturing_G003,13,G
4534,4819,G3,Suturing_G003,13,G
4820,4973,G6,Suturing_G003,13,G
4974,5159,G11,Suturing_G003,13,G
0,20,G5,Suturing_G004,21,G
21,415,G8,Suturing_G004,21,G
416,476,G2,Suturing_G004,21,G
477,664,G3,Suturing_G004,21,G
665,828,G6,Suturing_G004,21,G
829,966,G4,Suturing_G004,21,G
967,1020,G2,Suturing_G004,21,G
1021,1175,G3,Suturing_G004,21,G
1176,1322,G6,Suturing_G004,21,G
1323,1406,G4,Suturing_G004,21,G
1407,1487,G2,Suturing_G004,21,G
1488,1751,G3,Suturing_G004,21,G
1752,1854,G6,Suturing_G004,21,G
1855,2006,G4,Suturing_G004,21,G
2007,2090,G2,Suturing_G004,21,G
2091,2282,G3,Suturing_G004,21,G
2283,2451,G6,Suturing_G004,21,G
2452,2619,G11,Suturing_G004,21,G
0,98,G5,Suturing_G005,23,G
99,201,G8,Suturing_G005,23,G
202,247,G2,Suturing_G005,23,G
248,444,G3,Suturing_G005,23,G
445,609,G6,Suturing_G005,23,G
610,725,G4,Suturing_G005,23,G
726,804,G2,Suturing_G005,23,G
805,932,G3,Suturing_G005,23,G
933,1060,G6,Suturing_G005,23,G
1061,1179,G4,Suturing_G005,23,G
1180,1234,G2,Suturing_G005,23,G
1235,1561,G3,Suturing_G005,23,G
1562,1748,G6,Suturing_G005,23,G
1749,1872,G4,Suturing_G005,23,G
1873,1924,G2,Suturing_G005,23,G
1925,2147,G3,Suturing_G005,23,G
2148,2273,G6,Suturing_G005,23,G
2274,2453,G11,Suturing_G005,23,G
165,585,G1,Needle_Passing_B001,8,B
586,793,G2,Needle_Passing_B001,8,B
794,820,G3,Needle_Passing_B001,8,B
821,961,G6,Needle_Passing_B001,8,B
962,1112,G4,Needle_Passing_B001,8,B
1113,1447,G2,Needle_Passing_B001,8,B
1448,1491,G3,Needle_Passing_B001,8,B
1492,1630,G6,Needle_Passing_B001,8,B
1631,1774,G4,Needle_Passing_B001,8,B
1775,2183,G2,Needle_Passing_B001,8,B
2184,2339,G3,Needle_Passing_B001,8,B
2340,2497,G6,Needle_Passing_B001,8,B
2498,2654,G4,Needle_Passing_B001,8,B
2655,2874,G2,Needle_Passing_B001,8,B
2875,2921,G3,Needle_Passing_B001,8,B
2922,3055,G6,Needle_Passing_B001,8,B
3056,3329,G11,Needle_Passing_B001,8,B
31,336,G1,Needle_Passing_B002,8,B
337,521,G2,Needle_Passing_B002,8,B
522,624,G3,Needle_Passing_B002,8,B
625,1131,G6,Needle_Passing_B002,8,B
1132,1300,G4,Needle_Passing_B002,8,B
1301,1470,G2,Needle_Passing_B002,8,B
1471,1530,G3,Needle_Passing_B002,8,B
1531,1687,G6,Needle_Passing_B002,8,B
1688,1799,G4,Needle_Passing_B002,8,B
1800,2098,G2,Needle_Passing_B002,8,B
2099,2370,G3,Needle_Passing_B002,8,B
2371,2469,G6,Needle_Passing_B002,8,B
2470,2576,G4,Needle_Passing_B002,8,B
2577,2732,G2,Needle_Passing_B002,8,B
2733,2806,G3,Needle_Passing_B002,8,B
2807,2930,G6,Needle_Passing_B002,8,B
2931,3079,G11,Needle_Passing_B002,8,B
37,172,G1,Needle_Passing_B003,14,B
173,610,G2,Needle_Passing_B003,14,B
611,714,G3,Needle_Passing_B003,14,B
715,839,G6,Needle_Passing_B003,14,B
840,961,G4,Needle_Passing_B003,14,B
962,1455,G2,Needle_Passing_B003,14,B
1456,1582,G3,Needle_Passing_B003,14,B
1583,1771,G6,Needle_Passing_B003,14,B
1772,2013,G4,Needle_Passing_B003,14,B
2014,2214,G2,Needle_Passing_B003,14,B
2215,2444,G6,Needle_Passing_B003,14,B
2445,2561,G4,Needle_Passing_B003,14,B
2562,2749,G2,Needle_Passing_B003,14,B
2750,2844,G3,Needle_Passing_B003,14,B
2845,2964,G6,Needle_Passing_B003,14,B
2965,3237,G11,Needle_Passing_B003,14,B
30,184,G1,Needle_Passing_B004,19,B
185,514,G2,Needle_Passing_B004,19,B
515,685,G3,Needle_Passing_B004,19,B
686,871,G6,Needle_Passing_B004,19,B
872,979,G4,Needle_Passing_B004,19,B
980,1198,G2,Needle_Passing_B004,19,B
1199,1281,G3,Needle_Passing_B004,19,B
1282,1391,G6,Needle_Passing_B004,19,B
1392,1485,G4,Needle_Passing_B004,19,B
1486,1665,G2,Needle_Passing_B004,19,B
1666,1744,G3,Needle_Passing_B004,19,B
1745,1890,G6,Needle_Passing_B004,19,B
1891,2007,G4,Needle_Passing_B004,19,B
2008,2315,G2,Needle_Passing_B004,19,B
2316,2403,G3,Needle_Passing_B004,19,B
2404,2624,G6,Needle_Passing_B004,19,B
2625,2779,G11,Needle_Passing_B004,19,B
26,64,G1,Needle_Passing_C001,11,C
65,155,G5,Needle_Passing_C001,11,C
156,314,G8,Needle_Passing_C001,11,C
315,484,G2,Needle_Passing_C001,11,C
485,552,G3,Needle_Passing_C001,11,C
553,634,G6,Needle_Passing_C001,11,C
635,700,G4,Needle_Passing_C001,11,C
701,1825,G2,Needle_Passing_C001,11,C
1826,1930,G3,Needle_Passing_C001,11,C
1931,2148,G6,Needle_Passing_C001,11,C
2149,2235,G4,Needle_Passing_C001,11,C
2236,2427,G2,Needle_Passing_C001,11,C
2428,2502,G3,Needle_Passing_C001,11,C
2503,2602,G6,Needle_Passing_C001,11,C
2603,2674,G4,Needle_Passing_C001,11,C
2675,3071,G2,Needle_Passing_C001,11,C
3072,3181,G3,Needle_Passing_C001,11,C
3182,3395,G6,Needle_Passing_C001,11,C
3396,3559,G4,Needle_Passing_C001,11,C
3560,3911,G2,Needle_Passing_C001,11,C
3912,4000,G3,Needle_Passing_C001,11,C
4001,4187,G6,Needle_Passing_C001,11,C
4188,4312,G11,Needle_Passing_C001,11,C
49,140,G1,Needle_Passing_C002,9,C
141,246,G5,Needle_Passing_C002,9,C
247,471,G8,Needle_Passing_C002,9,C
472,615,G2,Needle_Passing_C002,9,C
616,761,G3,Needle_Passing_C002,9,C
762,962,G6,Needle_Passing_C002,9,C
963,1028,G4,Needle_Passing_C002,9,C
1029,1385,G2,Needle_Passing_C002,9,C
1386,1428,G3,Needle_Passing_C002,9,C
1429,1496,G6,Needle_Passing_C002,9,C
1497,1632,G4,Needle_Passing_C002,9,C
1633,1879,G2,Needle_Passing_C002,9,C
1880,1942,G3,Needle_Passing_C002,9,C
1943,1999,G6,Needle_Passing_C002,9,C
2000,2065,G4,Needle_Passing_C002,9,C
2066,2634,G2,Needle_Passing_C002,9,C
2635,2739,G8,Needle_Passing_C002,9,C
2740,3357,G2,Needle_Passing_C002,9,C
3358,3444,G3,Needle_Passing_C002,9,C
3445,3496,G6,Needle_Passing_C002,9,C
3497,3612,G11,Needle_Passing_C002,9,C
49,115,G1,Needle_Passing_C003,7,C
116,175,G5,Needle_Passing_C003,7,C
176,366,G8,Needle_Passing_C003,7,C
367,693,G2,Needle_Passing_C003,7,C
694,796,G3,Needle_Passing_C003,7,C
797,823,G6,Needle_Passing_C003,7,C
824,1212,G8,Needle_Passing_C003,7,C
1213,1256,G6,Needle_Passing_C003,7,C
1257,1345,G4,Needle_Passing_C003,7,C
1346,1838,G2,Needle_Passing_C003,7,C
1839,2060,G3,Needle_Passing_C003,7,C
2061,2209,G8,Needle_Passing_C003,7,C
2210,2335,G2,Needle_Passing_C003,7,C
2336,2381,G3,Needle_Passing_C003,7,C
2382,2470,G6,Needle_Passing_C003,7,C
2471,2551,G4,Needle_Passing_C003,7,C
2552,2709,G2,Needle_Passing_C003,7,C
2710,2782,G3,Needle_Passing_C003,7,C
2783,2869,G6,Needle_Passing_C003,7,C
2870,2981,G4,Needle_Passing_C003,7,C
2982,3214,G2,Needle_Passing_C003,7,C
3215,3372,G3,Needle_Passing_C003,7,C
3373,3442,G6,Needle_Passing_C003,7,C
3443,3571,G11,Needle_Passing_C003,7,C
29,177,G1,Needle_Passing_C004,12,C
178,236,G5,Needle_Passing_C004,12,C
237,376,G8,Needle_Passing_C004,12,C
377,640,G2,Needle_Passing_C004,12,C
641,702,G3,Needle_Passing_C004,12,C
703,803,G6,Needle_Passing_C004,12,C
804,871,G4,Needle_Passing_C004,12,C
872,1078,G2,Needle_Passing_C004,12,C
1079,1144,G3,Needle_Passing_C004,12,C
1145,1196,G6,Needle_Passing_C004,12,C
1197,1308,G4,Needle_Passing_C004,12,C
1309,1604,G2,Needle_Passing_C004,12,C
1605,1663,G3,Needle_Passing_C004,12,C
1664,1818,G6,Needle_Passing_C004,12,C
1819,1914,G4,Needle_Passing_C004,12,C
1915,2119,G2,Needle_Passing_C004,12,C
2120,2215,G3,Needle_Passing_C004,12,C
2216,2307,G6,Needle_Passing_C004,12,C
2308,2399,G11,Needle_Passing_C004,12,C
50,211,G1,Needle_Passing_C005,12,C
212,258,G5,Needle_Passing_C005,12,C
259,401,G8,Needle_Passing_C005,12,C
402,625,G2,Needle_Passing_C005,12,C
626,743,G3,Needle_Passing_C005,12,C
744,812,G6,Needle_Passing_C005,12,C
813,1002,G9,Needle_Passing_C005,12,C
1003,1067,G4,Needle_Passing_C005,12,C
1068,1111,G8,Needle_Passing_C005,12,C
1112,1217,G2,Needle_Passing_C005,12,C
1218,1284,G3,Needle_Passing_C005,12,C
1285,1337,G6,Needle_Passing_C005,12,C
1338,1398,G4,Needle_Passing_C005,12,C
1399,1525,G2,Needle_Passing_C005,12,C
1526,1582,G3,Needle_Passing_C005,12,C
1583,1622,G6,Needle_Passing_C005,12,C
1623,1677,G4,Needle_Passing_C005,12,C
1678,2032,G2,Needle_Passing_C005,12,C
2033,2112,G3,Needle_Passing_C005,12,C
2113,2457,G6,Needle_Passing_C005,12,C
2458,2556,G11,Needle_Passing_C005,12,C
45,112,G1,Needle_Passing_D001,9,D
113,426,G5,Needle_Passing_D001,9,D
427,605,G1,Needle_Passing_D001,9,D
606,935,G2,Needle_Passing_D001,9,D
936,977,G3,Needle_Passing_D001,9,D
978,1121,G6,Needle_Passing_D001,9,D
1122,1187,G4,Needle_Passing_D001,9,D
1188,1595,G2,Needle_Passing_D001,9,D
1596,1668,G3,Needle_Passing_D001,9,D
1669,1709,G6,Needle_Passing_D001,9,D
1710,1762,G4,Needle_Passing_D001,9,D
1763,2067,G2,Needle_Passing_D001,9,D
2068,2152,G3,Needle_Passing_D001,9,D
2153,2233,G6,Needle_Passing_D001,9,D
2234,2302,G4,Needle_Passing_D001,9,D
2303,2407,G5,Needle_Passing_D001,9,D
2408,2486,G8,Needle_Passing_D001,9,D
2487,3048,G2,Needle_Passing_D001,9,D
3049,3227,G5,Needle_Passing_D001,9,D
3228,3307,G8,Needle_Passing_D001,9,D
3308,3473,G2,Needle_Passing_D001,9,D
3474,3613,G3,Needle_Passing_D001,9,D
3614,3658,G6,Needle_Passing_D001,9,D
3659,3749,G4,Needle_Passing_D001,9,D
3750,3862,G2,Needle_Passing_D001,9,D
3863,3901,G3,Needle_Passing_D001,9,D
3902,4025,G5,Needle_Passing_D001,9,D
4026,4650,G6,Needle_Passing_D001,9,D
41,169,G1,Needle_Passing_D002,11,D
170,319,G5,Needle_Passing_D002,11,D
320,422,G8,Needle_Passing_D002,11,D
423,659,G2,Needle_Passing_D002,11,D
660,745,G3,Needle_Passing_D002,11,D
746,804,G6,Needle_Passing_D002,11,D
805,889,G4,Needle_Passing_D002,11,D
890,1089,G2,Needle_Passing_D002,11,D
1090,1133,G3,Needle_Passing_D002,11,D
1134,1218,G6,Needle_Passing_D002,11,D
1219,1317,G4,Needle_Passing_D002,11,D
1318,1809,G2,Needle_Passing_D002,11,D
1810,1880,G3,Needle_Passing_D002,11,D
1881,1990,G6,Needle_Passing_D002,11,D
1991,2067,G4,Needle_Passing_D002,11,D
2068,2399,G2,Needle_Passing_D002,11,D
2400,2548,G5,Needle_Passing_D002,11,D
2549,2608,G8,Needle_Passing_D002,11,D
2609,2849,G2,Needle_Passing_D002,11,D
2850,2956,G3,Needle_Passing_D002,11,D
2957,3035,G6,Needle_Passing_D002,11,D
3036,3186,G11,Needle_Passing_D002,11,D
49,115,G1,Needle_Passing_D003,10,D
116,246,G5,Needle_Passing_D003,10,D
247,366,G8,Needle_Passing_D003,10,D
367,797,G2,Needle_Passing_D003,10,D
798,824,G6,Needle_Passing_D003,10,D
825,999,G10,Needle_Passing_D003,10,D
1000,1046,G1,Needle_Passing_D003,10,D
1047,1197,G5,Needle_Passing_D003,10,D
1198,1528,G8,Needle_Passing_D003,10,D
1529,1838,G2,Needle_Passing_D003,10,D
1839,1993,G3,Needle_Passing_D003,10,D
1994,2124,G6,Needle_Passing_D003,10,D
2125,2198,G4,Needle_Passing_D003,10,D
2199,2334,G2,Needle_Passing_D003,10,D
2335,2381,G3,Needle_Passing_D003,10,D
2382,2470,G6,Needle_Passing_D003,10,D
2471,2551,G4,Needle_Passing_D003,10,D
2552,2708,G2,Needle_Passing_D003,10,D
2709,2785,G3,Needle_Passing_D003,10,D
2786,2870,G6,Needle_Passing_D003,10,D
2871,2982,G4,Needle_Passing_D003,10,D
31,164,G1,Needle_Passing_D004,12,D
165,289,G5,Needle_Passing_D004,12,D
290,376,G8,Needle_Passing_D004,12,D
377,638,G2,Needle_Passing_D004,12,D
639,703,G3,Needle_Passing_D004,12,D
704,804,G6,Needle_Passing_D004,12,D
805,871,G4,Needle_Passing_D004,12,D
872,1079,G2,Needle_Passing_D004,12,D
1080,1146,G3,Needle_Passing_D004,12,D
1147,1197,G6,Needle_Passing_D004,12,D
1198,1309,G4,Needle_Passing_D004,12,D
1310,1605,G2,Needle_Passing_D004,12,D
1606,1675,G3,Needle_Passing_D004,12,D
1676,1820,G6,Needle_Passing_D004,12,D
1821,1916,G4,Needle_Passing_D004,12,D
1917,2124,G2,Needle_Passing_D004,12,D
2125,2218,G3,Needle_Passing_D004,12,D
2219,2307,G6,Needle_Passing_D004,12,D
2308,2684,G11,Needle_Passing_D004,12,D
0,83,G1,Needle_Passing_D005,13,D
84,158,G5,Needle_Passing_D005,13,D
159,207,G1,Needle_Passing_D005,13,D
208,382,G5,Needle_Passing_D005,13,D
383,560,G8,Needle_Passing_D005,13,D
561,665,G2,Needle_Passing_D005,13,D
666,722,G3,Needle_Passing_D005,13,D
723,798,G6,Needle_Passing_D005,13,D
799,874,G4,Needle_Passing_D005,13,D
875,1100,G2,Needle_Passing_D005,13,D
1101,1155,G3,Needle_Passing_D005,13,D
1156,1184,G6,Needle_Passing_D005,13,D
1185,1267,G4,Needle_Passing_D005,13,D
1268,1463,G2,Needle_Passing_D005,13,D
1464,1522,G3,Needle_Passing_D005,13,D
1523,1567,G6,Needle_Passing_D005,13,D
1568,1624,G4,Needle_Passing_D005,13,D
1625,1732,G2,Needle_Passing_D005,13,D
1733,1778,G3,Needle_Passing_D005,13,D
1779,1853,G6,Needle_Passing_D005,13,D
1854,1961,G11,Needle_Passing_D005,13,D
14,168,G1,Needle_Passing_E001,13,E
169,333,G5,Needle_Passing_E001,13,E
334,418,G8,Needle_Passing_E001,13,E
419,551,G2,Needle_Passing_E001,13,E
552,708,G8,Needle_Passing_E001,13,E
709,897,G2,Needle_Passing_E001,13,E
898,942,G3,Needle_Passing_E001,13,E
943,1158,G6,Needle_Passing_E001,13,E
1159,1262,G4,Needle_Passing_E001,13,E
1263,1538,G2,Needle_Passing_E001,13,E
1539,1639,G3,Needle_Passing_E001,13,E
1640,1759,G6,Needle_Passing_E001,13,E
1760,1888,G4,Needle_Passing_E001,13,E
1889,2246,G2,Needle_Passing_E001,13,E
2247,2353,G3,Needle_Passing_E001,13,E
2354,2476,G6,Needle_Passing_E001,13,E
2477,2566,G4,Needle_Passing_E001,13,E
2567,2775,G2,Needle_Passing_E001,13,E
2776,2849,G3,Needle_Passing_E001,13,E
2850,2945,G6,Needle_Passing_E001,13,E
2946,3229,G11,Needle_Passing_E001,13,E
102,146,G1,Needle_Passing_E003,13,E
147,507,G5,Needle_Passing_E003,13,E
508,765,G2,Needle_Passing_E003,13,E
766,832,G3,Needle_Passing_E003,13,E
833,957,G6,Needle_Passing_E003,13,E
958,1027,G4,Needle_Passing_E003,13,E
1028,1238,G2,Needle_Passing_E003,13,E
1239,1332,G3,Needle_Passing_E003,13,E
1333,1456,G6,Needle_Passing_E003,13,E
1457,1607,G4,Needle_Passing_E003,13,E
1608,2027,G2,Needle_Passing_E003,13,E
2028,2281,G3,Needle_Passing_E003,13,E
2282,2380,G6,Needle_Passing_E003,13,E
2381,2605,G4,Needle_Passing_E003,13,E
2606,2947,G2,Needle_Passing_E003,13,E
2948,3062,G3,Needle_Passing_E003,13,E
3063,3135,G6,Needle_Passing_E003,13,E
3136,3413,G11,Needle_Passing_E003,13,E
72,212,G1,Needle_Passing_E004,14,E
213,394,G5,Needle_Passing_E004,14,E
395,783,G8,Needle_Passing_E004,14,E
784,996,G2,Needle_Passing_E004,14,E
997,1104,G3,Needle_Passing_E004,14,E
1105,1228,G6,Needle_Passing_E004,14,E
1229,1318,G4,Needle_Passing_E004,14,E
1319,1468,G2,Needle_Passing_E004,14,E
1469,1549,G3,Needle_Passing_E004,14,E
1550,1732,G6,Needle_Passing_E004,14,E
1733,1826,G4,Needle_Passing_E004,14,E
1827,2003,G2,Needle_Passing_E004,14,E
2004,2085,G3,Needle_Passing_E004,14,E
2086,2250,G6,Needle_Passing_E004,14,E
2251,2364,G4,Needle_Passing_E004,14,E
2365,2918,G2,Needle_Passing_E004,14,E
2919,3030,G3,Needle_Passing_E004,14,E
3031,3139,G6,Needle_Passing_E004,14,E
3140,3317,G11,Needle_Passing_E004,14,E
93,165,G1,Needle_Passing_E005,17,E
166,367,G5,Needle_Passing_E005,17,E
368,551,G8,Needle_Passing_E005,17,E
552,762,G2,Needle_Passing_E005,17,E
763,843,G3,Needle_Passing_E005,17,E
844,984,G6,Needle_Passing_E005,17,E
985,1123,G4,Needle_Passing_E005,17,E
1124,1396,G2,Needle_Passing_E005,17,E
1397,1468,G3,Needle_Passing_E005,17,E
1469,1615,G6,Needle_Passing_E005,17,E
1616,1737,G4,Needle_Passing_E005,17,E
1738,1910,G2,Needle_Passing_E005,17,E
1911,2425,G3,Needle_Passing_E005,17,E
2426,2502,G6,Needle_Passing_E005,17,E
2503,2642,G4,Needle_Passing_E005,17,E
2643,2977,G2,Needle_Passing_E005,17,E
2978,3050,G3,Needle_Passing_E005,17,E
3051,3128,G6,Needle_Passing_E005,17,E
3129,3325,G11,Needle_Passing_E005,17,E
0,66,G5,Needle_Passing_F001,22,F
67,146,G8,Needle_Passing_F001,22,F
147,373,G2,Needle_Passing_F001,22,F
374,478,G3,Needle_Passing_F001,22,F
479,577,G4,Needle_Passing_F001,22,F
578,775,G2,Needle_Passing_F001,22,F
776,883,G3,Needle_Passing_F001,22,F
884,961,G6,Needle_Passing_F001,22,F
962,1030,G4,Needle_Passing_F001,22,F
1031,1197,G2,Needle_Passing_F001,22,F
1198,1330,G3,Needle_Passing_F001,22,F
1331,1383,G6,Needle_Passing_F001,22,F
1384,1460,G4,Needle_Passing_F001,22,F
1461,1568,G2,Needle_Passing_F001,22,F
1569,1656,G3,Needle_Passing_F001,22,F
1657,1721,G6,Needle_Passing_F001,22,F
1722,1870,G11,Needle_Passing_F001,22,F
0,17,G1,Needle_Passing_F003,15,F
18,203,G5,Needle_Passing_F003,15,F
204,296,G8,Needle_Passing_F003,15,F
297,800,G2,Needle_Passing_F003,15,F
801,920,G3,Needle_Passing_F003,15,F
921,985,G6,Needle_Passing_F003,15,F
986,1065,G4,Needle_Passing_F003,15,F
1066,1200,G2,Needle_Passing_F003,15,F
1201,1270,G3,Needle_Passing_F003,15,F
1271,1347,G6,Needle_Passing_F003,15,F
1348,1431,G4,Needle_Passing_F003,15,F
1432,1665,G2,Needle_Passing_F003,15,F
1666,1729,G3,Needle_Passing_F003,15,F
1730,1767,G6,Needle_Passing_F003,15,F
1768,1830,G4,Needle_Passing_F003,15,F
1831,2098,G2,Needle_Passing_F003,15,F
2099,2168,G3,Needle_Passing_F003,15,F
2169,2213,G6,Needle_Passing_F003,15,F
2214,2266,G11,Needle_Passing_F003,15,F
0,98,G1,Needle_Passing_F004,24,F
99,298,G5,Needle_Passing_F004,24,F
299,454,G2,Needle_Passing_F004,24,F
455,524,G3,Needle_Passing_F004,24,F
525,580,G6,Needle_Passing_F004,24,F
581,785,G4,Needle_Passing_F004,24,F
786,950,G2,Needle_Passing_F004,24,F
951,1038,G3,Needle_Passing_F004,24,F
1039,1132,G6,Needle_Passing_F004,24,F
1133,1192,G4,Needle_Passing_F004,24,F
1193,1317,G2,Needle_Passing_F004,24,F
1318,1393,G3,Needle_Passing_F004,24,F
1394,1443,G6,Needle_Passing_F004,24,F
1444,1503,G4,Needle_Passing_F004,24,F
1504,1593,G2,Needle_Passing_F004,24,F
1594,1656,G3,Needle_Passing_F004,24,F
1657,1692,G6,Needle_Passing_F004,24,F
1693,1786,G11,Needle_Passing_F004,24,F
